{"cameraMode":{"drawMode":0,"name":"Shaded","section":"Shading Mode"},"sceneLighting":false,"audioPlay":false,"sceneViewState":{"m_AlwaysRefresh":false,"showFog":true,"showSkybox":true,"showFlares":true,"showImageEffects":true,"showParticleSystems":true,"showVisualEffectGraphs":true,"m_FxEnabled":true},"in2DMode":false,"pivot":{"x":147.13262939453126,"y":0.6138518452644348,"z":-11.504502296447754},"rotation":{"x":-0.05852387472987175,"y":0.9316685199737549,"z":-0.31374070048332217,"w":-0.17378468811511994},"size":0.8660253882408142,"orthographic":false}