{"cameraMode":{"drawMode":0,"name":"Shaded","section":"Shading Mode"},"sceneLighting":false,"audioPlay":false,"sceneViewState":{"m_AlwaysRefresh":false,"showFog":true,"showSkybox":true,"showFlares":true,"showImageEffects":true,"showParticleSystems":true,"showVisualEffectGraphs":true,"m_FxEnabled":true},"in2DMode":false,"pivot":{"x":148.1097412109375,"y":-1.2556729316711426,"z":-8.76272964477539},"rotation":{"x":0.15173658728599549,"y":-0.00603695260360837,"z":0.0009176225285045803,"w":0.9884234070777893},"size":5.955054759979248,"orthographic":false}