{"cameraMode":{"drawMode":0,"name":"Shaded","section":"Shading Mode"},"sceneLighting":false,"audioPlay":false,"sceneViewState":{"m_AlwaysRefresh":false,"showFog":true,"showSkybox":true,"showFlares":true,"showImageEffects":true,"showParticleSystems":true,"showVisualEffectGraphs":true,"m_FxEnabled":true},"in2DMode":false,"pivot":{"x":-0.3716000020503998,"y":0.24343717098236085,"z":0.2336135357618332},"rotation":{"x":0.0810140073299408,"y":-0.9057970643043518,"z":0.36370640993118288,"w":0.20178698003292085},"size":141.05149841308595,"orthographic":false}