{"cameraMode":{"drawMode":0,"name":"Shaded","section":"Shading Mode"},"sceneLighting":false,"audioPlay":false,"sceneViewState":{"m_AlwaysRefresh":false,"showFog":true,"showSkybox":true,"showFlares":true,"showImageEffects":true,"showParticleSystems":true,"showVisualEffectGraphs":true,"m_FxEnabled":true},"in2DMode":false,"pivot":{"x":147.44711303710938,"y":1.2427726984024048,"z":-21.543306350708009},"rotation":{"x":0.01915779337286949,"y":-0.8124875426292419,"z":0.026865335181355478,"w":0.5821465253829956},"size":3.8105058670043947,"orthographic":false}