{"cameraMode":{"drawMode":0,"name":"Shaded","section":"Shading Mode"},"sceneLighting":false,"audioPlay":false,"sceneViewState":{"m_AlwaysRefresh":false,"showFog":true,"showSkybox":true,"showFlares":true,"showImageEffects":true,"showParticleSystems":true,"showVisualEffectGraphs":true,"m_FxEnabled":true},"in2DMode":false,"pivot":{"x":149.93235778808595,"y":0.4868600368499756,"z":-15.235969543457032},"rotation":{"x":-0.0681285485625267,"y":0.6835266351699829,"z":-0.06431346386671066,"w":-0.7239285111427307},"size":1.0916221141815186,"orthographic":false}