{"cameraMode":{"drawMode":0,"name":"Shaded","section":"Shading Mode"},"sceneLighting":false,"audioPlay":false,"sceneViewState":{"m_AlwaysRefresh":false,"showFog":true,"showSkybox":true,"showFlares":true,"showImageEffects":true,"showParticleSystems":true,"showVisualEffectGraphs":true,"m_FxEnabled":true},"in2DMode":false,"pivot":{"x":148.78460693359376,"y":1.0799999237060547,"z":-17.154190063476564},"rotation":{"x":-0.0681285485625267,"y":0.6835266351699829,"z":-0.06431346386671066,"w":-0.7239285111427307},"size":1.9524999856948853,"orthographic":false}