{"cameraMode":{"drawMode":0,"name":"Shaded","section":"Shading Mode"},"sceneLighting":false,"audioPlay":false,"sceneViewState":{"m_AlwaysRefresh":false,"showFog":true,"showSkybox":false,"showFlares":true,"showImageEffects":true,"showParticleSystems":true,"showVisualEffectGraphs":true,"m_FxEnabled":true},"in2DMode":false,"pivot":{"x":-0.09519925713539124,"y":0.824999988079071,"z":0.2861471474170685},"rotation":{"x":-0.4051509201526642,"y":0.21272680163383485,"z":-0.09752462059259415,"w":-0.8838256001472473},"size":1.6802068948745728,"orthographic":false}