{"cameraMode":{"drawMode":0,"name":"Shaded","section":"Shading Mode"},"sceneLighting":false,"audioPlay":false,"sceneViewState":{"m_AlwaysRefresh":false,"showFog":true,"showSkybox":false,"showFlares":true,"showImageEffects":true,"showParticleSystems":true,"showVisualEffectGraphs":true,"m_FxEnabled":true},"in2DMode":false,"pivot":{"x":0.11000001430511475,"y":1.150994896888733,"z":2.569584846496582},"rotation":{"x":0.07436398416757584,"y":0.9146291613578796,"z":-0.34512972831726076,"w":0.19706669449806214},"size":3.255462169647217,"orthographic":false}