{"cameraMode":{"drawMode":0,"name":"Shaded","section":"Shading Mode"},"sceneLighting":false,"audioPlay":false,"sceneViewState":{"m_AlwaysRefresh":false,"showFog":true,"showSkybox":false,"showFlares":true,"showImageEffects":true,"showParticleSystems":true,"showVisualEffectGraphs":true,"m_FxEnabled":true},"in2DMode":false,"pivot":{"x":148.5523223876953,"y":0.7539380788803101,"z":-11.895085334777832},"rotation":{"x":-0.008791257627308369,"y":0.9876909852027893,"z":-0.060149915516376498,"w":-0.14432494342327119},"size":0.6195258498191834,"orthographic":false}