{"cameraMode":{"drawMode":0,"name":"Shaded","section":"Shading Mode"},"sceneLighting":false,"audioPlay":false,"sceneViewState":{"m_AlwaysRefresh":false,"showFog":true,"showSkybox":true,"showFlares":true,"showImageEffects":true,"showParticleSystems":true,"showVisualEffectGraphs":true,"m_FxEnabled":true},"in2DMode":false,"pivot":{"x":-0.00000476837158203125,"y":1.2833366394042969,"z":0.05536574125289917},"rotation":{"x":-0.022867722436785699,"y":0.9639401435852051,"z":-0.250049889087677,"w":-0.0881548821926117},"size":1.9350512027740479,"orthographic":false}